"TOA5","CR3000 Bert","CR3000","1972","CR3000.Std.06","CPU:MF2019.AM25T.CR3","46546","Temp"
"TIMESTAMP","RECORD","Batt_Volt_Avg","SlrW_Avg","SlrkJ_Tot","Reference_Avg","Temp_C_Avg(1)","Temp_C_Avg(2)","Temp_C_Avg(3)","Temp_C_Avg(4)","Temp_C_Avg(5)","Temp_C_Avg(6)","Temp_C_Avg(7)","Temp_C_Avg(8)","Temp_C_Avg(9)","Temp_C_Avg(10)","Temp_C_Avg(11)","Temp_C_Avg(12)","Temp_C_Avg(13)","Temp_C_Avg(14)","Temp_C_Avg(15)","Temp_C_Avg(16)","Temp_C_Avg(17)","Temp_C_Avg(18)","Temp_C_Avg(19)","Temp_C_Avg(20)","Temp_C_Avg(21)","Temp_C_Avg(22)","Temp_C_Avg(23)","Temp_C_Avg(24)","Temp_C_Avg(25)"
"TS","RN","Volts","W/m²","kJ/m²","Deg C","Deg C","Deg C","Deg C","Deg C","Deg C","Deg C","Deg C","Deg C","Deg C","Deg C","Deg C","Deg C","Deg C","Deg C","Deg C","Deg C","Deg C","Deg C","Deg C","Deg C","Deg C","Deg C","Deg C","Deg C","Deg C"
"","","Avg","Avg","Tot","Avg","Avg","Avg","Avg","Avg","Avg","Avg","Avg","Avg","Avg","Avg","Avg","Avg","Avg","Avg","Avg","Avg","Avg","Avg","Avg","Avg","Avg","Avg","Avg","Avg","Avg"
"2000-02-11 23:50:00",0,12.93,"NAN","NAN",41.57,33.2,34.5,37.24,34.67,37.23,34.32,33.16,35.81,33.37,33.87,33.66,36.02,34.64,33.43,35.79,35.37,32.68,36.3,35.5,34.09,"NAN","NAN","NAN","NAN","NAN"
"2019-07-19 13:30:00",1,12.93,"NAN","NAN",42.52,34.92,36.87,40.1,36.84,39.8,36.18,35,37.18,35.2,36.62,36.41,37.66,36.35,35.4,37.21,37.35,35.24,40.01,38.38,36.12,"NAN","NAN","NAN","NAN","NAN"
"2019-07-19 13:40:00",2,12.93,"NAN","NAN",42.72,35.07,37.11,40.27,37.83,39.93,36.2,35.43,36.8,35.86,37.28,37.53,37.82,36.62,36.33,37.51,37.33,35.87,40.71,38.53,36.25,"NAN","NAN","NAN","NAN","NAN"
"2019-07-19 13:50:00",3,12.93,"NAN","NAN",42.4,32.79,35.42,33.35,31.44,33.45,34.62,33.93,34.74,33.66,32.21,33.35,35.44,35.16,33.82,32.55,35.6,34.74,37.6,36.29,35.04,"NAN","NAN","NAN","NAN","NAN"
"2019-07-19 14:00:00",4,12.93,"NAN","NAN",40.69,30.71,31.81,30.73,29.28,30.68,30.56,30.4,30.89,31.93,29.59,30.95,29.99,32.08,31.27,30.97,31.34,33.08,34.11,32.32,32.34,"NAN","NAN","NAN","NAN","NAN"
"2019-07-19 14:10:00",5,12.94,"NAN","NAN",38.86,31.7,34.48,32.61,30.39,32.68,32.68,30.83,31.76,33.4,30.9,32.65,31.31,33.3,32.75,32.92,33.59,34.4,36.61,33.48,34.15,"NAN","NAN","NAN","NAN","NAN"
"2019-07-19 14:20:00",6,12.95,"NAN","NAN",37.47,31.45,33.58,32.04,29.81,33.16,32.39,30.06,31.79,33.49,31.01,32.24,31.22,32.98,32.65,33.03,33.2,34.03,36.23,33.04,33.35,"NAN","NAN","NAN","NAN","NAN"
"2019-07-19 14:30:00",7,12.96,"NAN","NAN",36.17,30.35,31.04,30.33,28.76,31.46,31.04,29.27,30.92,32.44,29.79,31,29.89,31.88,31.31,31.8,31.49,32.56,34.17,31.42,32.19,"NAN","NAN","NAN","NAN","NAN"
"2019-07-19 14:40:00",8,12.97,"NAN","NAN",35.02,31.41,33.92,31.56,29.19,33.49,32.4,30.48,32.14,33.22,31.26,31.96,31.44,33,31.61,33.19,33.87,34.16,35.64,33.33,33.41,"NAN","NAN","NAN","NAN","NAN"
"2019-07-19 14:50:00",9,12.98,"NAN","NAN",34.4,31.72,35.48,32.29,30.03,35.42,33.72,31.32,33.58,34.03,31.99,33.12,32.58,33.92,32.25,34.63,35.28,34.64,37.04,33.77,34.12,"NAN","NAN","NAN","NAN","NAN"
"2019-07-19 15:00:00",10,12.98,"NAN","NAN",34.4,32.08,35.38,32.83,31.1,36.05,34.05,31.86,33.93,33.69,33.06,33.26,33.57,33.54,32.31,34.33,34.56,33.83,36.61,33.5,33.54,"NAN","NAN","NAN","NAN","NAN"
"2019-07-19 15:10:00",11,12.98,"NAN","NAN",34.94,33.44,36.63,34.89,33.58,37.89,35.51,33.79,35.2,34.78,35.57,34.82,36.31,34.49,33.34,36.24,36.15,34.89,38.16,34.99,34.57,"NAN","NAN","NAN","NAN","NAN"
"2019-07-19 15:20:00",12,12.98,"NAN","NAN",35.95,34.51,37.53,36.69,34.6,39.13,36.2,34.47,36.12,35.94,36.54,36.7,38.17,35.49,34.84,37.87,36.78,35.45,39.35,35.64,34.83,"NAN","NAN","NAN","NAN","NAN"
"2019-07-19 15:30:00",13,12.97,"NAN","NAN",36.91,33.47,35.86,35.56,33.64,36.89,34.66,33.56,34.84,34.58,34.85,35.22,36.4,34.64,33.87,36.28,34.95,34.33,37.09,34.58,33.99,"NAN","NAN","NAN","NAN","NAN"
"2019-07-19 15:40:00",14,12.97,"NAN","NAN",37.34,34.56,37.44,37.26,35,38.27,36.35,34.64,35.79,35.64,36.2,36.14,38.71,35.38,34.48,38.24,36.49,35.16,38.57,36.02,34.74,"NAN","NAN","NAN","NAN","NAN"
"2019-07-19 15:50:00",15,12.96,"NAN","NAN",37.74,33.04,35,35.26,33.28,35.79,33.91,32.96,34.34,34.11,34.22,34.45,35.66,34.08,33.5,35.68,33.98,33.4,35.57,33.89,33.48,"NAN","NAN","NAN","NAN","NAN"
"2019-07-19 16:00:00",16,12.96,"NAN","NAN",37.72,32.93,34.81,34.87,33.19,35.23,33.86,32.67,34.07,33.79,33.98,33.92,35.33,33.87,33.1,35.38,33.53,33.31,35.27,33.88,33.32,"NAN","NAN","NAN","NAN","NAN"
"2019-07-19 16:10:00",17,12.96,"NAN","NAN",37.54,33.26,35.1,35.23,33.52,35.63,34.3,32.81,34.27,33.91,34.34,34.21,35.92,33.92,33.21,35.91,33.85,33.39,35.46,34.18,33.31,"NAN","NAN","NAN","NAN","NAN"
"2019-07-19 16:20:00",18,12.96,"NAN","NAN",37.58,34.76,36.64,36.91,34.92,37.53,35.77,33.97,35.63,35.47,35.9,35.96,38,35.55,34.68,38.55,35.6,34.83,37.56,35.74,34.34,"NAN","NAN","NAN","NAN","NAN"
"2019-07-19 16:30:00",19,12.96,"NAN","NAN",37.71,32.68,34.21,34.51,32.63,34.71,33.22,32.16,33.31,33.22,33.77,33.49,34.3,33.49,32.98,34.56,32.75,32.51,34.37,33.28,32.56,"NAN","NAN","NAN","NAN","NAN"
"2019-07-19 16:40:00",20,12.96,"NAN","NAN",37.46,31.96,33.19,33.18,31.97,33.47,32.46,31.6,32.53,32.31,32.76,32.19,33.07,32.53,31.96,32.83,31.85,31.7,32.95,32.32,31.95,"NAN","NAN","NAN","NAN","NAN"
"2019-07-19 16:50:00",21,12.96,"NAN","NAN",37.15,34.58,35.99,38.1,34.98,37.49,35.67,33.38,35.4,35.09,35.33,35.16,36.85,36.22,33.79,37.77,37.12,35.98,36.63,35.34,34.08,"NAN","NAN","NAN","NAN","NAN"
"2019-07-19 17:00:00",22,12.96,"NAN","NAN",37.43,36.34,37.37,40.6,36.37,39.61,37.05,34.69,38.47,37.25,37.4,37.7,38.68,39.43,35.91,40.08,39.66,37.38,38.97,36.71,35.33,"NAN","NAN","NAN","NAN","NAN"
"2019-07-19 17:10:00",23,12.95,"NAN","NAN",37.99,36.76,37.69,41.42,37.05,40.2,37.57,35.09,39.8,38.43,38.16,39.72,39.15,40.33,36.74,40.4,39.9,36.62,39.37,36.98,35.69,"NAN","NAN","NAN","NAN","NAN"
"2019-07-19 17:20:00",24,12.95,"NAN","NAN",38.66,37.17,38.26,41.58,37.34,40.49,38.08,35.58,40.71,39.21,38.73,41.96,39.48,40.97,37.13,40.74,39.67,36.39,39.74,37.21,35.92,"NAN","NAN","NAN","NAN","NAN"
"2019-07-19 17:30:00",25,12.94,"NAN","NAN",39.3,37.38,38.79,41.33,37.49,40.35,38.43,35.49,41.02,38.98,38.62,43.21,38.8,41,36.97,40.55,38.81,36.34,39.68,36.99,35.84,"NAN","NAN","NAN","NAN","NAN"
"2019-07-19 17:40:00",26,12.94,"NAN","NAN",39.71,36.36,37.89,39.52,36.78,38.97,37.52,34.79,39.03,37.2,37.08,41.46,37.26,38.69,35.96,38.59,37.04,35.36,38.05,35.84,35.19,"NAN","NAN","NAN","NAN","NAN"
"2019-07-19 17:50:00",27,12.94,"NAN","NAN",39.72,33.67,34.8,35.16,34.12,35.54,34.13,32.78,35.04,34.08,34.23,35.69,34.65,34.52,33.5,34.93,33.49,32.99,34.65,33.41,33.28,"NAN","NAN","NAN","NAN","NAN"
"2019-07-19 18:00:00",28,12.94,"NAN","NAN",39.43,36.86,37.72,39.86,36.9,39.45,39.07,34.4,39.98,37.03,36.46,40.66,37.38,36.71,35.38,38.11,36.56,35.06,37.6,35.49,35.02,"NAN","NAN","NAN","NAN","NAN"
"2019-07-19 18:10:00",29,12.94,"NAN","NAN",39.33,37.46,38.67,39.6,36.9,39.8,38.76,34.71,39.51,37.09,36.65,40.35,37.18,36.78,36.12,38.03,36.66,35.32,38.09,35.75,35.32,"NAN","NAN","NAN","NAN","NAN"
"2019-07-19 18:20:00",30,12.94,"NAN","NAN",39.3,37.42,39.18,38.97,36.63,39.52,37.99,34.38,38.78,36.74,36.04,39,36.53,36.22,36.02,37.64,36.1,34.92,37.75,35.3,35.01,"NAN","NAN","NAN","NAN","NAN"
"2019-07-19 18:30:00",31,12.93,"NAN","NAN",39.23,38.34,39.64,38.5,36.39,39.3,37.97,34.17,38.38,36.51,35.83,38.01,36.13,35.8,35.93,36.94,35.77,34.81,37.55,35.2,34.89,"NAN","NAN","NAN","NAN","NAN"
"2019-07-19 18:40:00",32,12.93,"NAN","NAN",39.15,39.17,40.19,38.44,36.55,39.22,38.73,34.29,38.77,36.5,35.94,37.9,36.15,35.89,35.9,36.44,35.9,34.99,37.74,35.5,35.01,"NAN","NAN","NAN","NAN","NAN"
"2019-07-19 18:50:00",33,12.93,"NAN","NAN",39.01,37.65,38.61,37.01,35.52,37.06,37.03,33.57,37.41,35.57,34.97,36.66,34.85,34.87,35.13,36.24,34.95,34.34,36.87,34.71,34.42,"NAN","NAN","NAN","NAN","NAN"
"2019-07-19 19:00:00",34,12.94,"NAN","NAN",38.73,36.6,37.75,36.79,35.44,37.06,36.24,32.99,37.47,35.41,34.52,36.56,34.21,34.57,34.85,37.45,34.38,33.34,36.31,33.73,33.67,"NAN","NAN","NAN","NAN","NAN"
"2019-07-19 19:10:00",35,12.94,"NAN","NAN",38.37,33.59,35.82,35.08,35.15,36.79,33.57,32.71,37.37,34.26,33.52,35.48,33.66,34.52,33.67,38.13,34.05,32.59,34.17,32.78,33.02,"NAN","NAN","NAN","NAN","NAN"
"2019-07-19 19:20:00",36,12.94,"NAN","NAN",37.94,32.29,33.65,33.21,34.69,34.96,32.52,32.34,36.95,32.97,32.68,34.83,32.97,34.04,32.52,38,32.65,32.03,33.29,32.21,32.41,"NAN","NAN","NAN","NAN","NAN"
"2019-07-19 19:30:00",37,12.95,"NAN","NAN",37.4,31.81,32.67,32.27,33.97,33.11,32.32,31.97,35.83,32.59,32.22,34.67,32.44,33.3,31.86,37.07,31.51,31.61,32.55,31.67,32,"NAN","NAN","NAN","NAN","NAN"
"2019-07-19 19:40:00",38,12.95,"NAN","NAN",36.77,31.44,31.89,31.41,32.58,32.02,31.5,31.17,33.51,31.95,31.68,32.96,31.79,32.65,31.29,34.53,30.65,31.18,31.68,31.08,31.42,"NAN","NAN","NAN","NAN","NAN"
"2019-07-19 19:50:00",39,12.96,"NAN","NAN",36.06,30.63,31.08,30.59,31.04,31,30.9,30.49,31.13,31.19,30.83,30.74,31.03,30.99,30.58,31.14,30,30.53,30.85,30.4,30.85,"NAN","NAN","NAN","NAN","NAN"
"2019-07-19 20:00:00",40,12.97,"NAN","NAN",35.31,30.06,30.4,30,30.38,30.29,30.33,29.94,30.35,30.59,30.16,29.92,30.38,30.17,30.02,30.05,29.4,30.01,30.15,29.77,30.32,"NAN","NAN","NAN","NAN","NAN"
"2019-07-19 20:10:00",41,12.98,"NAN","NAN",34.55,29.54,29.82,29.39,29.82,29.66,29.77,29.41,29.76,30.05,29.52,29.35,29.76,29.57,29.54,29.39,28.92,29.41,29.53,29.16,29.71,"NAN","NAN","NAN","NAN","NAN"
"2019-07-19 20:20:00",42,12.99,"NAN","NAN",33.8,29.43,29.72,29.14,29.7,29.4,29.73,29.33,29.69,29.92,29.46,29.23,29.65,29.44,29.28,29.12,29.01,29.36,29.49,29.18,29.62,"NAN","NAN","NAN","NAN","NAN"
"2019-07-19 20:30:00",43,12.99,"NAN","NAN",33.1,28.97,29.21,28.64,29.25,28.93,29.23,28.92,29.12,29.43,28.96,28.76,29.13,28.96,28.88,28.69,28.38,28.87,28.89,28.6,29.12,"NAN","NAN","NAN","NAN","NAN"
"2019-07-19 20:40:00",44,13,"NAN","NAN",32.45,28.75,28.95,28.39,29.04,28.63,28.94,28.7,28.9,29.18,28.67,28.53,28.84,28.75,28.6,28.45,28.16,28.62,28.69,28.37,28.87,"NAN","NAN","NAN","NAN","NAN"
"2019-07-19 20:50:00",45,13.01,"NAN","NAN",31.85,28.33,28.31,27.87,28.42,28.12,28.34,28.17,28.32,28.69,28.2,28.07,28.24,28.23,28.25,27.95,27.47,28.17,27.99,27.78,28.32,"NAN","NAN","NAN","NAN","NAN"
"2019-07-19 21:00:00",46,13.02,"NAN","NAN",31.28,27.54,27.09,26.95,27.29,27.11,27.22,27.23,27.37,27.84,27.23,27.16,27.14,27.25,27.6,27.04,26.43,27.29,26.92,26.8,27.36,"NAN","NAN","NAN","NAN","NAN"
"2019-07-19 21:10:00",47,13.03,"NAN","NAN",30.72,27.13,26.65,26.62,26.97,26.69,26.76,26.92,27.08,27.46,26.79,26.72,26.78,26.96,27.28,26.76,25.98,26.91,26.47,26.42,27,"NAN","NAN","NAN","NAN","NAN"
"2019-07-19 21:20:00",48,13.03,"NAN","NAN",30.21,26.82,26.35,26.31,26.57,26.38,26.46,26.64,26.75,27.17,26.48,26.42,26.5,26.75,27.08,26.48,25.7,26.62,26.16,26.05,26.7,"NAN","NAN","NAN","NAN","NAN"
"2019-07-19 21:30:00",49,13.04,"NAN","NAN",29.73,26.51,25.93,25.9,25.96,26.01,26.13,26.14,26.23,26.87,26.1,25.89,25.99,26.36,26.83,25.98,25.36,26.3,25.7,25.74,26.33,"NAN","NAN","NAN","NAN","NAN"
"2019-07-19 21:40:00",50,13.05,"NAN","NAN",29.28,26.15,25.37,25.6,25.58,25.58,25.72,25.73,25.84,26.5,25.63,25.55,25.47,26,26.54,25.7,24.97,25.85,25.4,25.31,25.91,"NAN","NAN","NAN","NAN","NAN"
"2019-07-19 21:50:00",51,13.05,"NAN","NAN",28.86,25.84,25.11,25.38,25.35,25.37,25.39,25.46,25.55,26.26,25.29,25.33,25.23,25.74,26.31,25.51,24.73,25.56,25.16,25.05,25.61,"NAN","NAN","NAN","NAN","NAN"
"2019-07-19 22:00:00",52,13.06,"NAN","NAN",28.48,25.66,24.94,25.3,25.18,25.29,25.24,25.35,25.37,26.09,25.15,25.14,25.18,25.61,26.19,25.35,24.61,25.45,24.93,24.93,25.48,"NAN","NAN","NAN","NAN","NAN"
"2019-07-19 22:10:00",53,13.07,"NAN","NAN",28.14,25.48,24.75,25.14,24.99,25.12,25.04,25.15,25.23,25.87,24.97,25.01,24.95,25.47,26.04,25.21,24.42,25.3,24.81,24.75,25.3,"NAN","NAN","NAN","NAN","NAN"
"2019-07-19 22:20:00",54,13.07,"NAN","NAN",27.83,25.26,24.68,25.02,24.86,25.01,24.87,24.96,25.01,25.73,24.82,24.83,24.76,25.31,25.92,25.09,24.31,25.1,24.65,24.58,25.1,"NAN","NAN","NAN","NAN","NAN"
"2019-07-19 22:30:00",55,13.08,"NAN","NAN",27.55,25.17,24.76,24.94,24.78,24.91,24.92,24.94,24.92,25.55,24.87,24.72,24.8,25.23,25.72,25.01,24.36,25.1,24.68,24.68,25.11,"NAN","NAN","NAN","NAN","NAN"
"2019-07-19 22:40:00",56,13.08,"NAN","NAN",27.28,25.06,24.63,24.79,24.6,24.77,24.8,24.78,24.79,25.45,24.75,24.52,24.66,25.13,25.64,24.89,24.19,25,24.52,24.58,24.96,"NAN","NAN","NAN","NAN","NAN"
"2019-07-19 22:50:00",57,13.09,"NAN","NAN",27.03,24.89,24.47,24.68,24.49,24.66,24.64,24.64,24.65,25.28,24.57,24.41,24.51,25.02,25.54,24.75,24.08,24.79,24.36,24.4,24.77,"NAN","NAN","NAN","NAN","NAN"
"2019-07-19 23:00:00",58,13.09,"NAN","NAN",26.81,24.82,24.4,24.69,24.47,24.66,24.56,24.62,24.61,25.21,24.49,24.34,24.5,24.97,25.5,24.77,24.06,24.71,24.28,24.34,24.71,"NAN","NAN","NAN","NAN","NAN"
"2019-07-19 23:10:00",59,13.09,"NAN","NAN",26.64,24.79,24.39,24.73,24.5,24.69,24.55,24.67,24.71,25.13,24.46,24.37,24.64,24.99,25.5,24.82,24.1,24.71,24.26,24.4,24.71,"NAN","NAN","NAN","NAN","NAN"
"2019-07-19 23:20:00",60,13.1,"NAN","NAN",26.5,24.73,24.39,24.71,24.47,24.69,24.54,24.57,24.66,25.13,24.46,24.36,24.55,25,25.45,24.79,24.08,24.71,24.28,24.41,24.69,"NAN","NAN","NAN","NAN","NAN"
"2019-07-19 23:30:00",61,13.1,"NAN","NAN",26.37,24.73,24.48,24.64,24.45,24.63,24.57,24.57,24.59,25.09,24.48,24.33,24.56,24.95,25.39,24.76,24.09,24.7,24.32,24.46,24.74,"NAN","NAN","NAN","NAN","NAN"
"2019-07-19 23:40:00",62,13.1,"NAN","NAN",26.26,24.83,24.77,24.73,24.56,24.71,24.78,24.7,24.67,25.15,24.71,24.42,24.71,24.99,25.36,24.82,24.35,24.83,24.53,24.71,24.9,"NAN","NAN","NAN","NAN","NAN"
"2019-07-19 23:50:00",63,13.11,"NAN","NAN",26.16,24.88,24.88,24.78,24.65,24.8,24.84,24.76,24.76,25.17,24.75,24.5,24.79,25.01,25.4,24.88,24.41,24.87,24.52,24.7,24.92,"NAN","NAN","NAN","NAN","NAN"
"2019-07-20 00:00:00",64,13.11,"NAN","NAN",26.07,24.79,24.69,24.7,24.58,24.71,24.7,24.65,24.67,25.13,24.64,24.45,24.67,24.98,25.37,24.8,24.25,24.8,24.42,24.59,24.83,"NAN","NAN","NAN","NAN","NAN"
"2019-07-20 00:10:00",65,13.11,"NAN","NAN",25.99,24.74,24.71,24.62,24.48,24.63,24.72,24.6,24.62,25.05,24.62,24.38,24.61,24.85,25.27,24.74,24.27,24.78,24.45,24.61,24.83,"NAN","NAN","NAN","NAN","NAN"
"2019-07-20 00:20:00",66,13.11,"NAN","NAN",25.89,24.68,24.71,24.5,24.42,24.55,24.72,24.56,24.56,24.96,24.56,24.3,24.58,24.74,25.11,24.63,24.15,24.72,24.36,24.56,24.82,"NAN","NAN","NAN","NAN","NAN"
"2019-07-20 00:30:00",67,13.11,"NAN","NAN",25.79,24.63,24.62,24.48,24.44,24.52,24.63,24.51,24.49,24.91,24.54,24.29,24.55,24.68,25.04,24.57,24.05,24.65,24.32,24.51,24.74,"NAN","NAN","NAN","NAN","NAN"
"2019-07-20 00:40:00",68,13.12,"NAN","NAN",25.69,24.66,24.62,24.51,24.45,24.54,24.67,24.57,24.59,25,24.55,24.29,24.64,24.72,25.05,24.58,24.02,24.74,24.37,24.62,24.85,"NAN","NAN","NAN","NAN","NAN"
"2019-07-20 00:50:00",69,13.12,"NAN","NAN",25.6,25.16,25.19,24.95,25.12,24.98,25.3,25.12,25.2,25.48,25.17,24.76,25.2,25.2,25.3,25.01,24.41,25.16,24.94,25.11,25.35,"NAN","NAN","NAN","NAN","NAN"
"2019-07-20 01:00:00",70,13.12,"NAN","NAN",25.55,25.45,25.46,25.2,25.53,25.26,25.54,25.49,25.58,25.82,25.41,25.12,25.54,25.57,25.5,25.28,24.77,25.46,25.33,25.39,25.61,"NAN","NAN","NAN","NAN","NAN"
"2019-07-20 01:10:00",71,13.12,"NAN","NAN",25.53,25.41,25.34,25.06,25.3,25.14,25.42,25.38,25.4,25.73,25.39,25.03,25.38,25.4,25.47,25.09,24.67,25.39,25.21,25.28,25.49,"NAN","NAN","NAN","NAN","NAN"
"2019-07-20 01:20:00",72,13.12,"NAN","NAN",25.53,25.64,25.52,25.33,25.63,25.42,25.65,25.54,25.64,26.02,25.67,25.29,25.66,25.58,25.64,25.42,24.83,25.66,25.51,25.56,25.78,"NAN","NAN","NAN","NAN","NAN"
"2019-07-20 01:30:00",73,13.12,"NAN","NAN",25.56,25.81,25.7,25.64,25.84,25.73,25.88,25.66,25.88,26.32,25.81,25.61,25.92,25.7,25.79,25.65,25.02,25.95,25.76,25.85,26.1,"NAN","NAN","NAN","NAN","NAN"
"2019-07-20 01:40:00",74,13.12,"NAN","NAN",25.58,25.63,25.6,25.5,25.73,25.53,25.7,25.65,25.82,26.09,25.59,25.46,25.77,25.66,25.72,25.55,24.97,25.73,25.37,25.54,25.86,"NAN","NAN","NAN","NAN","NAN"
"2019-07-20 01:50:00",75,13.12,"NAN","NAN",25.58,25.53,25.55,25.35,25.6,25.4,25.59,25.5,25.67,25.9,25.48,25.39,25.57,25.52,25.6,25.49,24.83,25.6,25.25,25.41,25.71,"NAN","NAN","NAN","NAN","NAN"
"2019-07-20 02:00:00",76,13.12,"NAN","NAN",25.56,25.6,25.6,25.32,25.65,25.4,25.61,25.58,25.71,25.94,25.63,25.29,25.65,25.59,25.61,25.44,24.83,25.5,25.39,25.38,25.68,"NAN","NAN","NAN","NAN","NAN"
"2019-07-20 02:10:00",77,13.13,"NAN","NAN",25.54,25.49,25.52,25.18,25.45,25.27,25.56,25.48,25.6,25.75,25.42,25.24,25.54,25.46,25.49,25.29,24.77,25.55,25.16,25.36,25.69,"NAN","NAN","NAN","NAN","NAN"
"2019-07-20 02:20:00",78,13.13,"NAN","NAN",25.49,25.49,25.38,25.14,25.37,25.26,25.47,25.38,25.5,25.71,25.33,25.11,25.4,25.34,25.39,25.23,24.64,25.52,25.13,25.32,25.63,"NAN","NAN","NAN","NAN","NAN"
"2019-07-20 02:30:00",79,13.13,"NAN","NAN",25.44,25.12,25.02,24.83,25,24.94,25.04,25.05,25.12,25.39,24.99,24.86,25.01,25.04,25.24,24.97,24.33,25.15,24.74,24.93,25.24,"NAN","NAN","NAN","NAN","NAN"
"2019-07-20 02:40:00",80,13.13,"NAN","NAN",25.35,24.77,24.61,24.42,24.58,24.53,24.65,24.65,24.69,25.02,24.59,24.49,24.55,24.68,24.95,24.56,24.04,24.77,24.39,24.52,24.85,"NAN","NAN","NAN","NAN","NAN"
"2019-07-20 02:50:00",81,13.13,"NAN","NAN",25.23,24.47,"NAN",24.15,24.24,24.26,24.36,24.37,24.42,24.72,24.27,24.15,24.23,24.42,24.72,24.29,23.82,24.47,24.03,24.23,24.55,"NAN","NAN","NAN","NAN","NAN"
"2019-07-20 03:00:00",82,13.13,"NAN","NAN",25.09,24.16,"NAN",23.8,23.8,23.83,23.97,24.01,24.03,24.4,23.87,23.8,23.83,24.18,24.51,23.96,23.46,24.19,23.67,23.86,24.21,"NAN","NAN","NAN","NAN","NAN"
"2019-07-20 03:10:00",83,13.13,"NAN","NAN",24.94,23.92,"NAN",23.57,23.48,23.58,23.62,23.72,23.72,24.14,23.53,23.48,23.52,23.93,24.34,23.72,23.15,23.9,23.4,23.54,23.92,"NAN","NAN","NAN","NAN","NAN"
"2019-07-20 03:20:00",84,13.14,"NAN","NAN",24.79,23.73,"NAN",23.45,23.33,23.43,23.42,23.56,23.55,23.96,23.3,23.31,23.34,23.79,24.2,23.62,23,23.68,23.19,23.35,23.71,"NAN","NAN","NAN","NAN","NAN"
"2019-07-20 03:30:00",85,13.14,"NAN","NAN",24.64,23.51,"NAN",23.22,23.08,23.18,23.14,23.27,23.25,23.78,23.08,23.07,23.01,23.62,24.01,23.37,22.73,23.43,23.01,23.06,23.45,"NAN","NAN","NAN","NAN","NAN"
"2019-07-20 03:40:00",86,13.14,"NAN","NAN",24.5,23.36,"NAN",23.11,22.96,23.08,23.02,23.16,23.16,23.63,22.94,22.94,22.93,23.5,23.92,23.27,22.61,23.27,22.86,22.94,23.31,"NAN","NAN","NAN","NAN","NAN"
"2019-07-20 03:50:00",87,13.14,"NAN","NAN",24.37,23.23,"NAN",23.03,22.88,22.96,22.84,23.01,23.01,23.47,22.77,22.86,22.8,23.41,23.8,23.25,22.48,23.17,22.72,22.86,23.18,"NAN","NAN","NAN","NAN","NAN"
"2019-07-20 04:00:00",88,13.14,"NAN","NAN",24.25,23.13,"NAN",23.01,22.85,22.94,22.75,22.95,22.96,23.42,22.72,22.84,22.75,23.35,23.78,23.23,22.46,23.08,22.68,22.78,23.09,"NAN","NAN","NAN","NAN","NAN"
"2019-07-20 04:10:00",89,13.15,"NAN","NAN",24.15,23.08,"NAN",22.98,22.82,22.9,22.78,22.93,22.95,23.39,22.71,22.81,22.76,23.28,23.75,23.18,22.49,23.03,22.68,22.84,23.06,"NAN","NAN","NAN","NAN","NAN"
"2019-07-20 04:20:00",90,13.15,"NAN","NAN",24.05,22.98,"NAN",22.9,22.7,22.82,22.67,22.8,22.81,23.35,22.61,22.68,22.64,23.16,23.71,23.07,22.35,22.93,22.58,22.68,22.93,"NAN","NAN","NAN","NAN","NAN"
"2019-07-20 04:30:00",91,13.15,"NAN","NAN",23.96,22.95,"NAN",22.87,22.69,22.84,22.67,22.78,22.79,23.29,22.66,22.64,22.66,23.1,23.67,23.08,22.33,22.94,22.59,22.7,22.94,"NAN","NAN","NAN","NAN","NAN"
"2019-07-20 04:40:00",92,13.15,"NAN","NAN",23.89,22.94,"NAN",22.91,22.68,22.86,22.7,22.83,22.85,23.27,22.64,22.6,22.72,23.1,23.68,23.09,22.31,22.96,22.56,22.71,22.94,"NAN","NAN","NAN","NAN","NAN"
"2019-07-20 04:50:00",93,13.15,"NAN","NAN",23.82,22.89,"NAN",22.77,22.61,22.68,22.69,22.69,22.69,23.23,22.64,22.57,22.61,23.05,23.59,22.94,22.23,22.9,22.59,22.63,22.86,"NAN","NAN","NAN","NAN","NAN"
"2019-07-20 05:00:00",94,13.15,"NAN","NAN",23.75,22.85,"NAN",22.68,22.49,22.64,22.63,22.61,22.63,23.21,22.56,22.43,22.55,22.99,23.54,22.84,22.18,22.86,22.5,22.58,22.79,"NAN","NAN","NAN","NAN","NAN"
"2019-07-20 05:10:00",95,13.15,"NAN","NAN",23.68,22.84,"NAN",22.8,22.63,22.78,22.71,22.79,22.81,23.2,22.65,22.5,22.72,23.08,23.59,22.95,22.36,22.87,22.55,22.68,22.88,"NAN","NAN","NAN","NAN","NAN"
"2019-07-20 05:20:00",96,13.15,"NAN","NAN",23.63,22.76,"NAN",22.7,22.54,22.66,22.55,22.59,22.63,23.16,22.45,22.56,22.47,22.93,23.5,22.86,22.27,22.74,22.41,22.46,22.72,"NAN","NAN","NAN","NAN","NAN"
"2019-07-20 05:30:00",97,13.16,"NAN","NAN",23.58,22.67,"NAN",22.66,22.47,22.61,22.47,22.61,22.66,23.04,22.4,22.43,22.52,22.92,23.47,22.84,22.11,22.7,22.33,22.49,22.7,"NAN","NAN","NAN","NAN","NAN"
"2019-07-20 05:40:00",98,13.16,"NAN","NAN",23.53,22.67,"NAN",22.68,22.46,22.64,22.55,22.68,22.73,23.02,22.42,22.38,22.58,22.97,23.5,22.87,22.17,22.72,22.35,22.55,22.73,"NAN","NAN","NAN","NAN","NAN"
"2019-07-20 05:50:00",99,13.16,"NAN","NAN",23.48,22.62,"NAN",22.64,22.5,22.57,22.49,22.6,22.64,22.98,22.39,22.4,22.49,22.9,23.37,22.83,22.21,22.63,22.35,22.49,22.66,"NAN","NAN","NAN","NAN","NAN"
"2019-07-20 06:00:00",100,13.16,"NAN","NAN",23.45,22.72,"NAN",22.73,22.64,22.64,22.68,22.7,22.72,23.06,22.59,22.57,22.62,22.98,23.34,22.87,22.51,22.76,22.57,22.59,22.79,"NAN","NAN","NAN","NAN","NAN"
"2019-07-20 06:10:00",101,13.16,"NAN","NAN",23.41,22.69,"NAN",22.62,22.51,22.57,22.64,22.61,22.65,23.08,22.51,22.48,22.55,22.91,23.37,22.79,22.42,22.75,22.5,22.55,22.75,"NAN","NAN","NAN","NAN","NAN"
"2019-07-20 06:20:00",102,13.16,"NAN","NAN",23.36,22.62,"NAN",22.52,22.42,22.47,22.53,22.55,22.58,22.97,22.45,22.38,22.48,22.84,23.3,22.7,22.21,22.65,22.47,22.45,22.65,"NAN","NAN","NAN","NAN","NAN"
"2019-07-20 06:30:00",103,13.16,"NAN","NAN",23.31,22.64,"NAN",22.55,22.46,22.52,22.54,22.56,22.58,23.04,22.42,22.37,22.47,22.92,23.35,22.76,22.2,22.6,22.37,22.44,22.63,"NAN","NAN","NAN","NAN","NAN"
"2019-07-20 06:40:00",104,13.16,"NAN","NAN",23.28,22.81,"NAN",22.72,22.62,22.63,22.75,22.71,22.68,23.18,22.65,22.48,22.65,23.07,23.5,22.9,22.39,22.77,22.58,22.62,22.79,"NAN","NAN","NAN","NAN","NAN"
"2019-07-20 06:50:00",105,13.16,"NAN","NAN",23.28,22.97,"NAN",22.89,22.84,22.81,22.95,22.85,22.85,23.3,22.81,22.69,22.8,23.25,23.6,23.1,22.64,22.94,22.74,22.83,22.95,"NAN","NAN","NAN","NAN","NAN"
"2019-07-20 07:00:00",106,13.16,"NAN","NAN",23.31,23.14,"NAN",23.11,23.07,23.05,23.19,23.08,23.08,23.51,23.02,22.9,23.06,23.45,23.9,23.32,22.9,23.06,22.94,23.02,23.12,"NAN","NAN","NAN","NAN","NAN"
"2019-07-20 07:10:00",107,13.16,"NAN","NAN",23.37,23.46,"NAN",23.43,23.38,23.33,23.54,23.31,23.34,23.76,23.31,23.17,23.36,23.79,24.1,23.61,23.26,23.4,23.32,23.41,23.41,"NAN","NAN","NAN","NAN","NAN"
"2019-07-20 07:20:00",108,13.16,"NAN","NAN",23.46,23.71,"NAN",23.64,23.68,23.6,23.78,23.54,23.59,24,23.62,23.43,23.58,24.02,24.38,23.87,23.54,23.56,23.57,23.61,23.61,"NAN","NAN","NAN","NAN","NAN"
"2019-07-20 07:30:00",109,13.16,"NAN","NAN",23.57,23.97,"NAN",23.88,23.93,23.89,24.06,23.79,23.82,24.28,23.93,23.7,23.85,24.28,24.6,24.03,23.76,23.81,23.81,23.92,23.88,"NAN","NAN","NAN","NAN","NAN"
"2019-07-20 07:40:00",110,13.16,"NAN","NAN",23.7,24.3,"NAN",24.21,24.27,24.27,24.56,24.14,24.11,24.55,24.28,24,24.15,24.59,25.39,24.28,24.02,24.05,24.13,24.18,24.31,"NAN","NAN","NAN","NAN","NAN"
"2019-07-20 07:50:00",111,13.16,"NAN","NAN",23.88,24.49,"NAN",24.39,24.57,24.45,24.55,24.35,24.38,24.66,24.51,24.23,24.38,24.84,25.36,24.55,24.21,24.25,24.34,24.37,24.44,"NAN","NAN","NAN","NAN","NAN"
"2019-07-20 08:00:00",112,13.15,"NAN","NAN",24.04,24.65,"NAN",24.63,24.72,24.68,24.75,24.55,24.61,24.84,24.72,24.43,24.67,24.99,25.28,24.71,24.47,24.45,24.54,24.6,24.64,"NAN","NAN","NAN","NAN","NAN"
"2019-07-20 08:10:00",113,13.15,"NAN","NAN",24.21,25.05,"NAN",24.99,25.17,25.1,25.17,24.98,25.07,25.2,25.23,24.84,25.1,25.49,25.56,25.12,24.94,24.89,25.01,25.06,25.08,"NAN","NAN","NAN","NAN","NAN"
"2019-07-20 08:20:00",114,13.15,"NAN","NAN",24.41,25.31,"NAN",25.24,25.43,25.41,25.62,25.31,25.63,25.55,25.58,25.09,25.5,25.91,25.67,25.4,25.39,25.26,25.33,25.64,25.44,"NAN","NAN","NAN","NAN","NAN"
"2019-07-20 08:30:00",115,13.15,"NAN","NAN",24.63,25.58,"NAN",26.26,25.93,25.67,27.63,27.08,26.94,25.96,26.19,25.92,27.86,27.04,25.84,25.71,27.83,26.33,25.62,26.22,27.28,"NAN","NAN","NAN","NAN","NAN"
"2019-07-20 08:40:00",116,13.14,"NAN","NAN",25.02,25.93,"NAN",27.29,28.61,27.16,31.67,29.13,30.02,26.73,26.48,27.96,29.6,29.32,26.82,27.68,29.11,28.47,26.06,27.8,30.75,"NAN","NAN","NAN","NAN","NAN"
"2019-07-20 08:50:00",117,13.14,"NAN","NAN",25.97,27.76,"NAN",29.6,30.01,29.62,33,30.05,31.81,"NAN",30.84,29.2,30.62,30.68,28.61,29.65,29.98,30.4,28.53,31.08,32.19,"NAN","NAN","NAN","NAN","NAN"
"2019-07-20 09:00:00",118,13.13,"NAN","NAN",27.17,29.56,36.67,30.5,30.37,31.31,33.26,30.62,32.54,30.2,34.68,30.06,31.32,31.2,29.48,30.38,30.34,31.11,30.29,31.79,32.79,"NAN","NAN","NAN","NAN","NAN"
"2019-07-20 09:10:00",119,13.12,"NAN","NAN",28.5,30.49,38.5,31.15,30.69,33.48,34.25,31.19,33.29,31.29,36.83,30.83,32.11,31.77,30.2,30.99,31.01,31.98,31.35,32.7,33.67,"NAN","NAN","NAN","NAN","NAN"
"2019-07-20 09:20:00",120,13.1,"NAN","NAN",29.9,30.79,39.87,31.92,31.37,35.76,34.97,31.73,34.6,32.05,37.9,31.73,33.02,32.62,30.8,32.29,31.56,33.13,31.93,33.24,34.36,"NAN","NAN","NAN","NAN","NAN"
"2019-07-20 09:30:00",121,13.09,"NAN","NAN",31.27,31.77,41.21,32.78,32.11,37.13,36.16,32.59,35.26,32.6,39.27,32.82,33.96,33.35,31.32,33.13,32.09,34.25,32.94,34.32,35.25,"NAN","NAN","NAN","NAN","NAN"
"2019-07-20 09:40:00",122,13.07,"NAN","NAN",32.55,31.83,40.77,33.26,32.29,36.29,35.86,32.73,35.12,32.65,38.58,33.5,34.22,33.38,31.74,33.25,32.12,34.24,33.08,34.19,34.65,"NAN","NAN","NAN","NAN","NAN"
"2019-07-20 09:50:00",123,13.06,"NAN","NAN",33.67,31.5,39.43,32.79,32.62,34.07,35.01,32.19,34.51,32.34,36.45,33.69,33.06,33.3,31.62,32.96,31.66,33.58,32.74,33.81,33.94,"NAN","NAN","NAN","NAN","NAN"
"2019-07-20 10:00:00",124,13.05,"NAN","NAN",33.96,29.82,36.18,29.96,29.77,31.37,31.4,30.58,32.67,30.86,32.19,32.27,30.44,31.73,30.35,31,30.01,31.82,30.59,30.75,31.98,"NAN","NAN","NAN","NAN","NAN"
"2019-07-20 10:10:00",125,13.05,"NAN","NAN",33.48,29.3,37.8,29.59,28.96,31.5,31.28,30.15,32.43,30.75,31.86,31.76,30.64,31.37,30.12,30.94,29.8,31.7,30.6,30.42,31.41,"NAN","NAN","NAN","NAN","NAN"
"2019-07-20 10:20:00",126,13.05,"NAN","NAN",32.99,29.67,37.36,29.94,29.08,31.04,31.67,30.64,32.59,30.76,31.68,32,31.24,31.78,30.29,31.04,30.04,32.05,31.26,31.1,31.31,"NAN","NAN","NAN","NAN","NAN"
"2019-07-20 10:30:00",127,13.05,"NAN","NAN",32.64,29.91,37.36,29.94,28.91,31.09,32.27,30.63,32.58,31,31.33,32.02,31.48,31.99,30.32,30.84,29.97,32.37,31.89,31.2,31.51,"NAN","NAN","NAN","NAN","NAN"
"2019-07-20 10:40:00",128,13.05,"NAN","NAN",32.46,30.2,37.5,30.09,28.92,30.35,32.48,30.58,32.37,31,31.31,31.75,31.7,32.35,30.39,30.52,30,32.43,32.34,31.47,31.65,"NAN","NAN","NAN","NAN","NAN"
"2019-07-20 10:50:00",129,13.05,"NAN","NAN",32.37,30.36,37.85,30.26,28.95,30.29,32.76,30.94,33,31.16,31.17,31.74,31.84,32.77,30.39,31.21,30.01,32.77,32.58,32.2,31.96,"NAN","NAN","NAN","NAN","NAN"
"2019-07-20 11:00:00",130,13.04,"NAN","NAN",32.44,31.07,39.2,31.48,29.56,31.94,34.17,31.87,35.05,32.27,34.06,33.47,33.8,33.25,31.25,32.8,30.96,33.54,33.74,33.17,32.7,"NAN","NAN","NAN","NAN","NAN"
"2019-07-20 11:10:00",131,13.04,"NAN","NAN",33.15,31.45,39.1,32.68,30.14,33.41,34.52,32.11,35.72,32.81,35.67,33.49,35.09,33.58,31.72,34.68,31.46,33.72,34.1,34.03,32.85,"NAN","NAN","NAN","NAN","NAN"
"2019-07-20 11:20:00",132,13.03,"NAN","NAN",34.28,32.52,38.95,35.94,31.74,35.27,35.46,33.04,36.62,33.76,37.2,34.09,36.82,34.62,32.71,36.49,32.13,34.96,35.24,35.28,33.85,"NAN","NAN","NAN","NAN","NAN"
"2019-07-20 11:30:00",133,13.02,"NAN","NAN",35.54,33.3,37.52,39.08,32.77,36.43,36.23,33.87,37.08,34.43,37.82,34.8,38.05,35.38,33.45,37.01,32.61,35.69,36.18,36.12,34.37,"NAN","NAN","NAN","NAN","NAN"
"2019-07-20 11:40:00",134,13.01,"NAN","NAN",36.83,33.84,37.58,40.91,33.67,37.84,36.77,35.11,37.94,35.23,38.33,35.87,39.22,36.21,34.38,37.96,33.22,36.52,37.03,36.88,34.8,"NAN","NAN","NAN","NAN","NAN"
"2019-07-20 11:50:00",135,12.99,"NAN","NAN",38.1,33.92,37,41.24,34.2,38.34,36.29,35.3,37.66,35.17,37.88,35.92,38.87,36.29,34.74,37.7,33.23,36.15,36.68,36.56,34.48,"NAN","NAN","NAN","NAN","NAN"
"2019-07-20 12:00:00",136,12.98,"NAN","NAN",39.23,34.57,37.49,40.49,34.62,38.48,36.73,35.36,38.98,35.81,37.91,36.47,39.38,36.83,35.09,37.89,34.35,36.92,37.33,37.77,35.22,"NAN","NAN","NAN","NAN","NAN"
"2019-07-20 12:10:00",137,12.97,"NAN","NAN",39.88,33.25,35.28,35.99,33.03,35.81,34.6,33.45,35.59,34.11,35.19,34.62,35.94,34.7,33.79,34.94,32.82,34.66,35.21,35.06,33.86,"NAN","NAN","NAN","NAN","NAN"
"2019-07-20 12:20:00",138,12.97,"NAN","NAN",39.48,31.93,32.97,33.78,31.82,33.7,32.79,31.92,33.04,32.26,33.01,32.56,33.17,32.98,32.43,32.92,31.41,32.05,32.74,32.64,32.1,"NAN","NAN","NAN","NAN","NAN"
"2019-07-20 12:30:00",139,12.97,"NAN","NAN",38.92,32.77,33.88,35.58,32.58,35.14,33.87,32.6,34.05,32.85,34.22,33.27,34.37,33.41,32.66,33.71,32.17,33.12,33.7,34.24,32.91,"NAN","NAN","NAN","NAN","NAN"
"2019-07-20 12:40:00",140,12.97,"NAN","NAN",38.43,33.05,34.03,36.84,33.03,35.79,34.35,32.98,34.68,33.12,34.81,33.7,34.66,33.74,32.95,34,32.63,33.43,33.98,35.05,33.28,"NAN","NAN","NAN","NAN","NAN"
"2019-07-20 12:50:00",141,12.97,"NAN","NAN",38.6,34.12,35.5,38.78,34.1,37.51,35.49,33.84,36.44,34.58,36.63,35.88,35.94,35.24,34.63,35.73,33.93,35.38,36.03,36.96,34.2,"NAN","NAN","NAN","NAN","NAN"
"2019-07-20 13:00:00",142,12.96,"NAN","NAN",38.93,32.68,33.75,36.15,32.93,35.45,33.51,32.52,34.31,33.44,34.79,34.01,34.18,33.65,33.45,34.39,32.47,33.55,34.28,34.23,32.61,"NAN","NAN","NAN","NAN","NAN"
"2019-07-20 13:10:00",143,12.96,"NAN","NAN",39.15,33.78,35.14,38.47,34.45,37.26,35.06,33.51,35.84,34.65,36.54,35.56,35.56,34.7,34.56,36.28,34,35.07,36.08,35.72,33.51,"NAN","NAN","NAN","NAN","NAN"
"2019-07-20 13:20:00",144,12.96,"NAN","NAN",39.33,31.38,32.18,32.82,31.51,32.96,31.77,31.16,32.15,32.12,32.41,32.55,32.35,32.15,32.22,32.52,31.26,31.76,32.57,31.86,31.45,"NAN","NAN","NAN","NAN","NAN"
"2019-07-20 13:30:00",145,12.96,"NAN","NAN",38.55,29.36,29.72,29.84,29.4,30,29.5,29.28,29.72,30,29.77,29.76,29.84,29.74,29.94,29.74,28.94,29.44,29.81,29.38,29.65,"NAN","NAN","NAN","NAN","NAN"
"2019-07-20 13:40:00",146,12.97,"NAN","NAN",37.25,28.5,28.48,28.27,28.15,28.49,28.27,28.21,28.46,29.02,28.51,28.64,28.34,28.65,28.83,28.45,27.73,28.45,28.53,28.22,28.69,"NAN","NAN","NAN","NAN","NAN"
"2019-07-20 13:50:00",147,12.98,"NAN","NAN",35.64,27.77,27.66,27.09,27.29,27.44,27.68,27.32,27.56,28.22,27.67,27.68,27.21,27.65,27.89,27.67,26.94,27.63,27.69,27.46,27.87,"NAN","NAN","NAN","NAN","NAN"
"2019-07-20 14:00:00",148,12.99,"NAN","NAN",34,27.39,27.41,26.86,27.13,27.19,27.46,27,27.31,27.86,27.36,27.22,26.98,27.29,27.41,27.36,26.69,27.18,27.43,27.1,27.45,"NAN","NAN","NAN","NAN","NAN"
"2019-07-20 14:10:00",149,13,"NAN","NAN",32.67,27,27.01,26.79,27,27.03,27.11,26.75,27,27.46,27.01,26.91,26.78,27.01,27.17,27.14,26.55,26.81,27.08,26.72,27.03,"NAN","NAN","NAN","NAN","NAN"
"2019-07-20 14:20:00",150,13.01,"NAN","NAN",31.65,26.93,26.94,26.82,26.88,27.05,27.08,26.58,26.86,27.39,26.97,26.78,26.78,26.89,27.2,27.09,26.45,26.71,26.98,26.7,26.91,"NAN","NAN","NAN","NAN","NAN"
"2019-07-20 14:30:00",151,13.02,"NAN","NAN",30.89,26.81,26.85,26.68,26.77,26.92,26.96,26.48,26.73,27.28,26.86,26.54,26.69,26.73,27.1,26.93,26.26,26.63,26.85,26.6,26.79,"NAN","NAN","NAN","NAN","NAN"
"2019-07-20 14:40:00",152,13.03,"NAN","NAN",30.36,26.64,26.64,26.55,26.72,26.74,26.76,26.34,26.61,27.07,26.69,26.42,26.56,26.59,26.96,26.78,26.17,26.46,26.68,26.44,26.61,"NAN","NAN","NAN","NAN","NAN"
"2019-07-20 14:50:00",153,13.03,"NAN","NAN",29.95,26.44,26.5,26.35,26.57,26.6,26.59,26.24,26.48,26.91,26.56,26.16,26.44,26.4,26.76,26.52,25.97,26.29,26.55,26.28,26.46,"NAN","NAN","NAN","NAN","NAN"
"2019-07-20 15:00:00",154,13.04,"NAN","NAN",29.62,26.36,26.39,26.33,26.48,26.48,26.45,26.19,26.36,26.77,26.47,26.16,26.4,26.38,26.69,26.53,25.93,26.24,26.39,26.21,26.36,"NAN","NAN","NAN","NAN","NAN"
"2019-07-20 15:10:00",155,13.05,"NAN","NAN",29.31,26.21,26.27,26.15,26.48,26.4,26.36,26.1,26.33,26.65,26.33,26.08,26.39,26.27,26.55,26.44,25.79,26.18,26.14,26.11,26.34,"NAN","NAN","NAN","NAN","NAN"
"2019-07-20 15:20:00",156,13.05,"NAN","NAN",29.03,26.15,26.31,26.02,26.41,26.38,26.38,26.09,26.33,26.65,26.32,25.94,26.41,26.22,26.48,26.34,25.65,26.22,26.19,26.12,26.34,"NAN","NAN","NAN","NAN","NAN"
"2019-07-20 15:30:00",157,13.06,"NAN","NAN",28.78,26.04,26.18,25.96,26.28,26.21,26.22,25.97,26.17,26.52,26.22,25.78,26.24,26.13,26.42,26.2,25.5,26.07,25.96,25.95,26.18,"NAN","NAN","NAN","NAN","NAN"
"2019-07-20 15:40:00",158,13.06,"NAN","NAN",28.56,25.98,26.11,25.88,26.22,26.12,26.18,25.95,26.11,26.45,26.14,25.75,26.15,26.06,26.35,26.17,25.47,25.99,25.92,25.88,26.11,"NAN","NAN","NAN","NAN","NAN"
"2019-07-20 15:50:00",159,13.07,"NAN","NAN",28.36,26.04,26.18,25.83,26.21,26.1,26.24,25.99,26.07,26.46,26.2,25.62,26.16,25.99,26.28,26.1,25.4,26.01,26.01,25.93,26.13,"NAN","NAN","NAN","NAN","NAN"
"2019-07-20 16:00:00",160,13.07,"NAN","NAN",28.18,26.17,26.37,25.94,26.42,26.27,26.4,26.18,26.28,26.55,26.31,25.83,26.37,26.14,26.32,26.26,25.67,26.25,26.16,26.15,26.36,"NAN","NAN","NAN","NAN","NAN"
"2019-07-20 16:10:00",161,13.07,"NAN","NAN",28.01,26.11,26.31,25.84,26.34,26.17,26.3,26.14,26.22,26.46,26.25,25.77,26.26,26.08,26.27,26.15,25.66,26.15,26.08,26.05,26.25,"NAN","NAN","NAN","NAN","NAN"
"2019-07-20 16:20:00",162,13.08,"NAN","NAN",27.83,25.92,26.08,25.53,26.11,25.97,26.08,25.96,26,26.21,26,25.54,26.03,25.81,25.98,25.92,25.44,25.95,25.9,25.84,26.04,"NAN","NAN","NAN","NAN","NAN"
"2019-07-20 16:30:00",163,13.08,"NAN","NAN",27.63,25.8,26,25.37,26.04,25.83,25.99,25.86,25.89,26.08,25.87,25.41,25.91,25.64,25.78,25.79,25.34,25.84,25.76,25.72,25.94,"NAN","NAN","NAN","NAN","NAN"
"2019-07-20 16:40:00",164,13.09,"NAN","NAN",27.43,25.82,26.17,25.4,26.11,25.89,26.07,25.92,25.92,26.16,25.94,25.29,26,25.69,25.82,25.82,25.02,25.82,25.8,25.69,25.95,"NAN","NAN","NAN","NAN","NAN"
"2019-07-20 16:50:00",165,13.09,"NAN","NAN",27.28,25.75,26.1,25.44,26.02,25.85,26,25.83,25.87,26.06,25.89,25.21,25.93,25.68,25.82,25.8,24.84,25.72,25.56,25.59,25.79,"NAN","NAN","NAN","NAN","NAN"
"2019-07-20 17:00:00",166,13.09,"NAN","NAN",27.18,25.76,26.13,25.57,25.98,25.86,26.07,25.79,25.85,26.01,25.92,25.22,25.93,25.69,25.85,25.83,24.94,25.67,25.5,25.64,25.74,"NAN","NAN","NAN","NAN","NAN"
"2019-07-20 17:10:00",167,13.09,"NAN","NAN",27.14,25.96,26.5,25.96,26.27,26.23,26.37,26.03,26.11,26.25,26.3,25.46,26.31,25.93,26.07,26.16,25.27,25.9,25.83,25.88,25.94,"NAN","NAN","NAN","NAN","NAN"
"2019-07-20 17:20:00",168,13.09,"NAN","NAN",27.17,26.22,26.84,26.29,26.67,26.66,26.73,26.37,26.47,26.54,26.79,25.82,26.68,26.31,26.32,26.61,25.7,26.18,26.2,26.16,26.36,"NAN","NAN","NAN","NAN","NAN"
"2019-07-20 17:30:00",169,13.09,"NAN","NAN",27.25,26.29,26.83,26.44,26.76,26.75,26.84,26.43,26.53,26.65,26.75,26.03,26.72,26.4,26.47,26.74,25.87,26.25,26.37,26.23,26.19,"NAN","NAN","NAN","NAN","NAN"
"2019-07-20 17:40:00",170,13.1,"NAN","NAN",27.29,26.26,26.61,26.44,26.73,26.67,26.59,26.23,26.45,26.65,26.7,26.03,26.53,26.25,26.45,26.68,25.91,26.15,26.38,26.07,26.12,"NAN","NAN","NAN","NAN","NAN"
"2019-07-20 17:50:00",171,13.1,"NAN","NAN",27.3,26.14,26.48,26.48,26.65,26.5,26.48,26.07,26.38,26.52,26.45,25.93,26.4,26.19,26.37,26.6,25.97,26.07,26.35,25.96,26.04,"NAN","NAN","NAN","NAN","NAN"
"2019-07-20 18:00:00",172,13.1,"NAN","NAN",27.28,26.11,26.42,26.53,26.63,26.49,26.52,26.02,26.39,26.51,26.39,26.04,26.36,26.11,26.4,26.73,26.13,26.09,26.43,26,26.05,"NAN","NAN","NAN","NAN","NAN"
"2019-07-20 18:10:00",173,13.1,"NAN","NAN",27.25,26.19,26.53,26.59,26.8,26.64,26.65,26.11,26.47,26.54,26.56,26.1,26.48,26.28,26.44,26.89,26.28,26.07,26.43,26,26.12,"NAN","NAN","NAN","NAN","NAN"
"2019-07-20 18:20:00",174,13.1,"NAN","NAN",27.21,26.18,26.38,26.57,26.58,26.53,26.46,25.96,26.34,26.54,26.43,26.08,26.37,26.13,26.32,26.65,26.14,26.08,26.36,25.93,26.1,"NAN","NAN","NAN","NAN","NAN"
"2019-07-20 18:30:00",175,13.1,"NAN","NAN",27.15,26.05,26.09,26.32,26.26,26.25,26.15,25.77,26.14,26.36,26.15,25.97,26.05,26.01,26.25,26.4,25.97,25.92,26.16,25.68,25.91,"NAN","NAN","NAN","NAN","NAN"
"2019-07-20 18:40:00",176,13.1,"NAN","NAN",27.03,25.8,25.71,25.88,25.88,25.89,25.82,25.53,25.81,26.09,25.77,25.71,25.68,25.78,26.13,25.94,25.69,25.58,25.78,25.35,25.6,"NAN","NAN","NAN","NAN","NAN"
"2019-07-20 18:50:00",177,13.1,"NAN","NAN",26.86,25.52,25.39,25.43,25.45,25.48,25.48,25.24,25.45,25.8,25.36,25.32,25.31,25.44,25.82,25.5,25.26,25.27,25.37,24.99,25.31,"NAN","NAN","NAN","NAN","NAN"
"2019-07-20 19:00:00",178,13.1,"NAN","NAN",26.65,25.28,25.1,25.07,25.1,25.16,25.23,24.99,25.17,25.57,25.04,25.01,25.01,25.2,25.62,25.13,24.94,25.01,25.03,24.72,25.09,"NAN","NAN","NAN","NAN","NAN"
"2019-07-20 19:10:00",179,13.11,"NAN","NAN",26.43,25.05,24.9,24.76,24.85,24.87,24.99,24.78,24.92,25.32,24.76,24.73,24.81,24.99,25.37,24.87,24.62,24.81,24.67,24.52,24.89,"NAN","NAN","NAN","NAN","NAN"
"2019-07-20 19:20:00",180,13.11,"NAN","NAN",26.21,24.83,24.73,24.53,24.64,24.66,24.79,24.63,24.74,25.11,24.55,24.49,24.65,24.79,25.2,24.66,24.35,24.61,24.41,24.33,24.7,"NAN","NAN","NAN","NAN","NAN"
"2019-07-20 19:30:00",181,13.11,"NAN","NAN",25.99,24.67,24.45,24.29,24.38,24.41,24.52,24.4,24.5,24.92,24.36,24.33,24.39,24.58,25.02,24.38,24.16,24.46,24.23,24.13,24.5,"NAN","NAN","NAN","NAN","NAN"
"2019-07-20 19:40:00",182,13.11,"NAN","NAN",25.78,24.45,24.19,23.98,24.08,24.13,24.27,24.2,24.25,24.72,24.15,24.12,24.14,24.33,24.8,24.13,23.93,24.29,24.11,23.98,24.31,"NAN","NAN","NAN","NAN","NAN"
"2019-07-20 19:50:00",183,13.12,"NAN","NAN",25.57,24.33,23.89,23.82,23.9,23.92,23.97,24,24.05,24.5,23.94,23.93,23.92,24.2,24.71,23.98,23.68,24.1,23.88,23.77,24.13,"NAN","NAN","NAN","NAN","NAN"
"2019-07-20 20:00:00",184,13.12,"NAN","NAN",25.37,24.11,23.7,23.69,23.78,23.75,23.82,23.88,23.93,24.31,23.75,23.77,23.78,24.1,24.59,23.87,23.48,23.93,23.67,23.65,23.97,"NAN","NAN","NAN","NAN","NAN"
"2019-07-20 20:10:00",185,13.12,"NAN","NAN",25.18,23.93,23.51,23.49,23.59,23.58,23.62,23.71,23.72,24.18,23.58,23.58,23.61,23.95,24.39,23.59,23.24,23.78,23.39,23.5,23.82,"NAN","NAN","NAN","NAN","NAN"
"2019-07-20 20:20:00",186,13.13,"NAN","NAN",24.99,23.67,23.22,23.24,23.32,23.32,23.31,23.49,23.48,23.91,23.28,23.32,23.34,23.77,24.26,23.37,22.99,23.51,23.05,23.23,23.54,"NAN","NAN","NAN","NAN","NAN"
"2019-07-20 20:30:00",187,13.13,"NAN","NAN",24.81,23.4,22.99,23.04,23.14,23.15,23.11,23.29,23.3,23.66,23.04,23.09,23.17,23.56,24.04,23.23,22.73,23.29,22.84,23.08,23.38,"NAN","NAN","NAN","NAN","NAN"
"2019-07-20 20:40:00",188,13.13,"NAN","NAN",24.65,23.25,22.84,22.87,22.91,23.01,22.98,23.17,23.18,23.52,22.89,22.9,23.08,23.42,23.93,23.02,22.55,23.19,22.67,22.96,23.3,"NAN","NAN","NAN","NAN","NAN"
"2019-07-20 20:50:00",189,13.14,"NAN","NAN",24.47,23.18,22.94,22.83,22.87,22.96,23.02,23.11,23.1,23.51,22.93,22.86,23.06,23.34,23.84,22.94,22.63,23.21,22.69,22.97,23.27,"NAN","NAN","NAN","NAN","NAN"
"2019-07-20 21:00:00",190,13.14,"NAN","NAN",24.31,23.06,22.58,22.62,22.66,22.72,22.65,22.84,22.85,23.37,22.7,22.72,22.68,23.19,23.71,22.79,22.32,23.07,22.43,22.7,23.02,"NAN","NAN","NAN","NAN","NAN"
"2019-07-20 21:10:00",191,13.14,"NAN","NAN",24.14,22.86,22.33,22.43,22.49,22.46,22.38,22.63,22.62,23.13,22.47,22.54,22.45,22.97,23.51,22.57,22.16,22.71,22.28,22.44,22.71,"NAN","NAN","NAN","NAN","NAN"
"2019-07-20 21:20:00",192,13.14,"NAN","NAN",23.99,22.75,22.29,22.36,22.34,22.36,22.34,22.54,22.52,23.07,22.38,22.37,22.39,22.85,23.44,22.44,22.04,22.63,22.13,22.38,22.68,"NAN","NAN","NAN","NAN","NAN"
"2019-07-20 21:30:00",193,13.15,"NAN","NAN",23.85,22.67,22.23,22.4,22.41,22.39,22.3,22.51,22.51,22.97,22.31,22.4,22.36,22.85,23.43,22.52,22.07,22.58,22.08,22.34,22.62,"NAN","NAN","NAN","NAN","NAN"
"2019-07-20 21:40:00",194,13.15,"NAN","NAN",23.74,22.61,22.2,22.35,22.38,22.34,22.27,22.43,22.45,22.91,22.27,22.34,22.29,22.8,23.38,22.47,22.04,22.54,22.04,22.3,22.57,"NAN","NAN","NAN","NAN","NAN"
"2019-07-20 21:50:00",195,13.15,"NAN","NAN",23.64,22.54,22.19,22.33,22.34,22.31,22.26,22.42,22.46,22.86,22.22,22.29,22.31,22.76,23.39,22.49,22.02,22.5,22,22.26,22.54,"NAN","NAN","NAN","NAN","NAN"
"2019-07-20 22:00:00",196,13.15,"NAN","NAN",23.57,22.52,22.17,22.33,22.33,22.31,22.23,22.38,22.44,22.87,22.2,22.25,22.28,22.75,23.39,22.49,22.05,22.49,22,22.25,22.51,"NAN","NAN","NAN","NAN","NAN"
"2019-07-20 22:10:00",197,13.15,"NAN","NAN",23.51,22.5,22.21,22.38,22.38,22.31,22.23,22.4,22.49,22.9,22.23,22.3,22.35,22.79,23.36,22.51,22.05,22.46,22.03,22.23,22.5,"NAN","NAN","NAN","NAN","NAN"
"2019-07-20 22:20:00",198,13.16,"NAN","NAN",23.45,22.48,22.25,22.31,22.29,22.32,22.3,22.37,22.42,22.8,22.32,22.31,22.34,22.77,23.22,22.44,22.06,22.52,22.21,22.29,22.52,"NAN","NAN","NAN","NAN","NAN"
"2019-07-20 22:30:00",199,13.16,"NAN","NAN",23.39,22.42,22.1,22.23,22.19,22.22,22.16,22.3,22.36,22.79,22.17,22.23,22.22,22.68,23.3,22.32,21.96,22.43,22,22.2,22.45,"NAN","NAN","NAN","NAN","NAN"
"2019-07-20 22:40:00",200,13.16,"NAN","NAN",23.3,22.32,21.9,22.08,22.01,22.05,21.9,22.09,22.15,22.69,22.04,22.08,21.98,22.54,23.1,22.09,21.76,22.29,21.87,22,22.23,"NAN","NAN","NAN","NAN","NAN"
"2019-07-20 22:50:00",201,13.16,"NAN","NAN",23.21,22.24,21.83,21.99,21.94,21.95,21.86,22.02,22.09,22.57,21.94,21.93,21.9,22.46,23.04,22.01,21.67,22.22,21.74,21.94,22.21,"NAN","NAN","NAN","NAN","NAN"
"2019-07-20 23:00:00",202,13.16,"NAN","NAN",23.14,22.18,21.82,21.98,21.9,21.94,21.85,21.97,22.02,22.54,21.91,21.88,21.87,22.39,22.99,22.02,21.61,22.19,21.68,21.86,22.17,"NAN","NAN","NAN","NAN","NAN"
"2019-07-20 23:10:00",203,13.16,"NAN","NAN",23.08,22.21,21.95,22.12,22.05,22.06,22.02,22.1,22.15,22.66,21.98,21.97,22.07,22.53,23.07,22.18,21.75,22.26,21.78,21.99,22.25,"NAN","NAN","NAN","NAN","NAN"
"2019-07-20 23:20:00",204,13.16,"NAN","NAN",23.05,22.2,21.91,22.15,22.08,22.06,21.94,22.08,22.13,22.65,21.94,22.03,22.03,22.52,23.06,22.23,21.83,22.19,21.8,21.95,22.2,"NAN","NAN","NAN","NAN","NAN"
"2019-07-20 23:30:00",205,13.16,"NAN","NAN",23.01,22.19,21.89,22.12,22.06,22.01,21.91,22,22.05,22.53,21.97,22.06,21.95,22.45,22.94,22.2,21.83,22.13,21.85,21.92,22.13,"NAN","NAN","NAN","NAN","NAN"
"2019-07-20 23:40:00",206,13.17,"NAN","NAN",22.99,22.21,21.91,22.14,22.05,22.02,21.94,22.03,22.09,22.58,21.95,22.06,22,22.5,23.02,22.21,21.86,22.18,21.85,21.95,22.16,"NAN","NAN","NAN","NAN","NAN"
"2019-07-20 23:50:00",207,13.17,"NAN","NAN",22.96,22.18,21.94,22.1,22,22.02,21.97,22.08,22.11,22.6,21.98,22,22.05,22.45,23.08,22.16,21.81,22.16,21.82,21.95,22.16,"NAN","NAN","NAN","NAN","NAN"
"2019-07-21 00:00:00",208,13.17,"NAN","NAN",22.93,22.13,21.8,21.94,21.86,21.92,21.77,21.89,21.96,22.58,21.89,21.87,21.84,22.34,22.9,21.94,21.63,22.09,21.64,21.83,22.07,"NAN","NAN","NAN","NAN","NAN"
"2019-07-21 00:10:00",209,13.17,"NAN","NAN",22.88,22.13,21.93,21.95,21.89,21.96,21.92,21.98,21.97,22.48,21.98,21.84,21.94,22.34,22.88,22.01,21.68,22.15,21.75,21.93,22.13,"NAN","NAN","NAN","NAN","NAN"
"2019-07-21 00:20:00",210,13.17,"NAN","NAN",22.85,22.14,21.95,22.11,22.03,22.02,22,22.07,22.11,22.51,21.98,21.95,22.07,22.43,22.97,22.19,21.84,22.13,21.83,21.97,22.16,"NAN","NAN","NAN","NAN","NAN"
"2019-07-21 00:30:00",211,13.17,"NAN","NAN",22.85,22.19,21.99,22.19,22.12,22.09,22.02,22.11,22.18,22.6,21.99,22.04,22.11,22.54,23.03,22.31,21.91,22.18,21.87,21.99,22.21,"NAN","NAN","NAN","NAN","NAN"
"2019-07-21 00:40:00",212,13.17,"NAN","NAN",22.87,22.18,22,22.17,22.14,22.09,22,22.1,22.14,22.59,22.01,22.06,22.1,22.52,22.99,22.28,21.92,22.16,21.87,22,22.18,"NAN","NAN","NAN","NAN","NAN"
"2019-07-21 00:50:00",213,13.17,"NAN","NAN",22.87,22.17,21.95,22.13,22.11,22.06,21.94,22.08,22.1,22.52,22,22.01,22.05,22.52,22.97,22.23,21.88,22.12,21.84,21.97,22.12,"NAN","NAN","NAN","NAN","NAN"
"2019-07-21 01:00:00",214,13.17,"NAN","NAN",22.86,22.18,21.97,22.12,22.1,22.08,21.99,22.1,22.12,22.55,22,21.99,22.09,22.5,22.98,22.22,21.85,22.18,21.86,21.98,22.18,"NAN","NAN","NAN","NAN","NAN"
"2019-07-21 01:10:00",215,13.17,"NAN","NAN",22.85,22.2,21.93,22.05,22.01,22.03,21.94,22.01,22.04,22.51,22.01,21.97,22.02,22.41,22.89,22.14,21.75,22.16,21.91,21.95,22.15,"NAN","NAN","NAN","NAN","NAN"
"2019-07-21 01:20:00",216,13.17,"NAN","NAN",22.83,22.16,21.94,22.05,22,21.99,21.9,22.02,22.07,22.56,21.97,21.95,22.01,22.44,22.9,22.1,21.75,22.17,21.81,21.97,22.15,"NAN","NAN","NAN","NAN","NAN"
"2019-07-21 01:30:00",217,13.17,"NAN","NAN",22.81,22.14,21.88,22.05,21.99,21.98,21.89,22.01,22.04,22.48,21.93,21.93,21.99,22.41,22.91,22.1,21.72,22.12,21.76,21.94,22.14,"NAN","NAN","NAN","NAN","NAN"
"2019-07-21 01:40:00",218,13.17,"NAN","NAN",22.78,22.05,21.74,21.91,21.84,21.85,21.68,21.84,21.91,22.42,21.84,21.81,21.77,22.3,22.79,21.89,21.55,22.01,21.6,21.8,22.03,"NAN","NAN","NAN","NAN","NAN"
"2019-07-21 01:50:00",219,13.17,"NAN","NAN",22.75,22.03,21.74,21.93,21.85,21.87,21.77,21.9,21.9,22.48,21.81,21.72,21.83,22.29,22.83,21.92,21.52,22.01,21.59,21.82,22.08,"NAN","NAN","NAN","NAN","NAN"
"2019-07-21 02:00:00",220,13.17,"NAN","NAN",22.71,21.99,21.66,21.85,21.82,21.81,21.67,21.82,21.81,22.39,21.74,21.72,21.75,22.19,22.75,21.85,21.51,21.93,21.62,21.74,21.96,"NAN","NAN","NAN","NAN","NAN"
"2019-07-21 02:10:00",221,13.17,"NAN","NAN",22.66,21.94,21.61,21.83,21.75,21.78,21.61,21.78,21.78,22.32,21.7,21.73,21.73,22.15,22.73,21.84,21.45,21.87,21.52,21.69,21.92,"NAN","NAN","NAN","NAN","NAN"
"2019-07-21 02:20:00",222,13.17,"NAN","NAN",22.61,21.9,21.58,21.77,21.71,21.73,21.55,21.73,21.71,22.24,21.68,21.71,21.68,22.09,22.66,21.77,21.45,21.83,21.49,21.65,21.84,"NAN","NAN","NAN","NAN","NAN"
"2019-07-21 02:30:00",223,13.17,"NAN","NAN",22.55,21.85,21.52,21.68,21.62,21.67,21.5,21.66,21.65,22.22,21.65,21.62,21.62,22,22.59,21.66,21.39,21.75,21.42,21.55,21.76,"NAN","NAN","NAN","NAN","NAN"
"2019-07-21 02:40:00",224,13.18,"NAN","NAN",22.48,21.77,21.35,21.6,21.53,21.55,21.29,21.51,21.54,22.12,21.52,21.53,21.44,21.9,22.48,21.53,21.25,21.62,21.31,21.42,21.62,"NAN","NAN","NAN","NAN","NAN"
"2019-07-21 02:50:00",225,13.18,"NAN","NAN",22.41,21.71,21.38,21.56,21.53,21.53,21.29,21.48,21.47,22.11,21.49,21.48,21.43,21.9,22.42,21.51,21.19,21.58,21.2,21.38,21.62,"NAN","NAN","NAN","NAN","NAN"
"2019-07-21 03:00:00",226,13.18,"NAN","NAN",22.36,21.73,21.44,21.6,21.55,21.54,21.4,21.52,21.49,22.12,21.53,21.47,21.48,21.91,22.43,21.53,21.24,21.61,21.29,21.43,21.63,"NAN","NAN","NAN","NAN","NAN"
"2019-07-21 03:10:00",227,13.18,"NAN","NAN",22.32,21.72,21.43,21.57,21.53,21.52,21.38,21.5,21.46,22.1,21.53,21.45,21.46,21.89,22.39,21.54,21.2,21.61,21.33,21.46,21.62,"NAN","NAN","NAN","NAN","NAN"
"2019-07-21 03:20:00",228,13.18,"NAN","NAN",22.29,21.73,21.49,21.62,21.57,21.59,21.48,21.59,21.55,22.03,21.6,21.51,21.57,21.88,22.37,21.62,21.34,21.66,21.46,21.52,21.67,"NAN","NAN","NAN","NAN","NAN"
"2019-07-21 03:30:00",229,13.18,"NAN","NAN",22.25,21.71,21.44,21.56,21.49,21.53,21.42,21.53,21.49,22.01,21.56,21.46,21.51,21.85,22.36,21.54,21.29,21.63,21.39,21.48,21.65,"NAN","NAN","NAN","NAN","NAN"
"2019-07-21 03:40:00",230,13.18,"NAN","NAN",22.21,21.64,21.38,21.54,21.48,21.5,21.34,21.47,21.43,21.97,21.48,21.43,21.44,21.8,22.3,21.48,21.24,21.55,21.25,21.41,21.58,"NAN","NAN","NAN","NAN","NAN"
"2019-07-21 03:50:00",231,13.18,"NAN","NAN",22.17,21.61,21.33,21.46,21.42,21.44,21.3,21.39,21.34,21.99,21.44,21.37,21.36,21.77,22.28,21.38,21.16,21.53,21.14,21.35,21.54,"NAN","NAN","NAN","NAN","NAN"
"2019-07-21 04:00:00",232,13.18,"NAN","NAN",22.14,21.63,21.38,21.43,21.41,21.47,21.35,21.42,21.36,21.99,21.49,21.31,21.42,21.78,22.28,21.44,21.12,21.57,21.13,21.44,21.57,"NAN","NAN","NAN","NAN","NAN"
"2019-07-21 04:10:00",233,13.18,"NAN","NAN",22.11,21.6,21.32,21.44,21.39,21.47,21.32,21.46,21.45,21.91,21.41,21.29,21.47,21.81,22.33,21.44,21.13,21.53,21.13,21.41,21.58,"NAN","NAN","NAN","NAN","NAN"
"2019-07-21 04:20:00",234,13.18,"NAN","NAN",22.08,21.51,21.11,21.35,21.29,21.34,21.1,21.31,21.33,21.81,21.24,21.23,21.25,21.72,22.21,21.35,20.97,21.39,20.99,21.27,21.46,"NAN","NAN","NAN","NAN","NAN"
"2019-07-21 04:30:00",235,13.19,"NAN","NAN",22.03,21.46,21.06,21.33,21.27,21.31,21.02,21.22,21.21,21.83,21.19,21.2,21.17,21.62,22.18,21.3,20.89,21.37,20.99,21.25,21.41,"NAN","NAN","NAN","NAN","NAN"
"2019-07-21 04:40:00",236,13.19,"NAN","NAN",21.99,21.36,20.99,21.17,21.12,21.22,20.88,21.09,21.12,21.82,21.14,21.07,21.05,21.55,22.04,21.1,20.77,21.2,20.89,21.08,21.26,"NAN","NAN","NAN","NAN","NAN"
"2019-07-21 04:50:00",237,13.19,"NAN","NAN",21.94,21.3,20.93,21.11,21.07,21.16,20.84,21.03,21.08,21.77,21.11,20.94,20.99,21.52,22,21.04,20.71,21.18,20.81,21.05,21.23,"NAN","NAN","NAN","NAN","NAN"
"2019-07-21 05:00:00",238,13.19,"NAN","NAN",21.9,21.3,20.96,21.24,21.15,21.24,20.98,21.15,21.12,21.74,21.1,20.95,21.15,21.55,22.05,21.14,20.72,21.27,20.8,21.1,21.32,"NAN","NAN","NAN","NAN","NAN"
"2019-07-21 05:10:00",239,13.19,"NAN","NAN",21.88,21.28,20.91,21.23,21.19,21.18,20.85,21.05,21.1,21.73,21.02,21.08,21.04,21.53,22.06,21.16,20.78,21.21,20.79,21.03,21.24,"NAN","NAN","NAN","NAN","NAN"
"2019-07-21 05:20:00",240,13.19,"NAN","NAN",21.85,21.32,21.11,21.24,21.09,21.27,21.08,21.14,21.06,21.74,21.14,21.02,21.24,21.54,22.09,21.16,20.8,21.31,20.8,21.15,21.34,"NAN","NAN","NAN","NAN","NAN"
"2019-07-21 05:30:00",241,13.19,"NAN","NAN",21.81,21.24,20.95,21.04,20.92,21.12,20.92,21,20.99,21.73,21.06,20.86,21,21.46,21.98,20.98,20.68,21.25,20.7,21.1,21.22,"NAN","NAN","NAN","NAN","NAN"
"2019-07-21 05:40:00",242,13.19,"NAN","NAN",21.76,21.1,20.75,21.02,20.96,21.03,20.7,20.87,20.95,21.66,20.87,20.79,20.86,21.39,21.92,20.96,20.56,21.03,20.56,20.88,21.08,"NAN","NAN","NAN","NAN","NAN"
"2019-07-21 05:50:00",243,13.19,"NAN","NAN",21.72,21.11,20.87,21.09,21,21.1,20.89,21,20.99,21.62,20.91,20.86,21.04,21.51,21.93,20.99,20.6,21.13,20.6,20.96,21.19,"NAN","NAN","NAN","NAN","NAN"
"2019-07-21 06:00:00",244,13.19,"NAN","NAN",21.69,21.12,20.86,21.1,21,21.11,20.86,20.98,20.98,21.63,20.95,20.83,21.02,21.48,21.91,20.96,20.62,21.17,20.65,20.97,21.21,"NAN","NAN","NAN","NAN","NAN"
"2019-07-21 06:10:00",245,13.19,"NAN","NAN",21.66,21.1,20.87,21.04,20.95,21.06,20.87,20.91,20.92,21.63,20.95,20.76,20.99,21.41,21.89,20.93,20.58,21.1,20.59,20.94,21.2,"NAN","NAN","NAN","NAN","NAN"
"2019-07-21 06:20:00",246,13.19,"NAN","NAN",21.64,21.17,20.88,21.08,21.09,21.11,20.89,21.03,21.03,21.6,20.95,20.91,21.06,21.51,21.98,21.08,20.67,21.15,20.71,21.01,21.22,"NAN","NAN","NAN","NAN","NAN"
"2019-07-21 06:30:00",247,13.19,"NAN","NAN",21.64,21.23,21.01,21.16,21.23,21.16,20.97,21.11,21.08,21.63,21.06,21.07,21.12,21.57,22,21.16,20.77,21.2,20.79,21.07,21.24,"NAN","NAN","NAN","NAN","NAN"
"2019-07-21 06:40:00",248,13.19,"NAN","NAN",21.65,21.42,21.31,21.31,21.33,21.33,21.26,21.36,21.26,21.76,21.35,21.17,21.36,21.7,22.06,21.36,21,21.4,21.03,21.29,21.4,"NAN","NAN","NAN","NAN","NAN"
"2019-07-21 06:50:00",249,13.19,"NAN","NAN",21.68,21.54,21.46,21.46,21.47,21.47,21.38,21.5,21.43,21.85,21.49,21.32,21.49,21.8,22.18,21.5,21.29,21.5,21.23,21.42,21.51,"NAN","NAN","NAN","NAN","NAN"
"2019-07-21 07:00:00",250,13.19,"NAN","NAN",21.72,21.73,21.66,21.63,21.64,21.65,21.54,21.66,21.6,22.06,21.69,21.47,21.65,22.02,22.36,21.65,21.49,21.63,21.38,21.57,21.66,"NAN","NAN","NAN","NAN","NAN"
"2019-07-21 07:10:00",251,13.19,"NAN","NAN",21.78,21.93,21.87,21.83,21.84,21.85,21.77,21.89,21.81,22.27,21.9,21.66,21.86,22.24,22.51,21.86,21.73,21.83,21.58,21.79,21.85,"NAN","NAN","NAN","NAN","NAN"
"2019-07-21 07:20:00",252,13.19,"NAN","NAN",21.87,22.14,22.13,22.03,22.06,22.06,21.97,22.11,22.04,22.45,22.1,21.88,22.08,22.44,22.74,22.08,22,22.02,21.83,21.99,22.05,"NAN","NAN","NAN","NAN","NAN"
"2019-07-21 07:30:00",253,13.19,"NAN","NAN",21.96,22.4,22.33,22.23,22.29,22.27,22.23,22.35,22.26,22.64,22.31,22.12,22.29,22.68,22.95,22.3,22.26,22.26,22.09,22.22,22.28,"NAN","NAN","NAN","NAN","NAN"
"2019-07-21 07:40:00",254,13.19,"NAN","NAN",22.11,22.94,22.73,22.68,22.59,22.81,22.71,22.86,22.56,22.94,22.94,22.41,22.6,23,23.46,22.62,22.65,22.61,22.52,22.55,22.73,"NAN","NAN","NAN","NAN","NAN"
"2019-07-21 07:50:00",255,13.19,"NAN","NAN",22.32,23.22,23.03,23,22.96,23.05,22.9,23.17,22.93,23.28,23.25,22.77,22.95,23.33,23.69,22.99,23,22.93,22.86,22.91,22.97,"NAN","NAN","NAN","NAN","NAN"
"2019-07-21 08:00:00",256,13.18,"NAN","NAN",22.51,23.44,23.32,23.21,23.25,23.31,23.18,23.41,23.25,23.56,23.47,23.05,23.27,23.62,23.84,23.25,23.29,23.24,23.16,23.23,23.25,"NAN","NAN","NAN","NAN","NAN"
"2019-07-21 08:10:00",257,13.18,"NAN","NAN",22.7,23.78,23.7,23.55,23.6,23.65,23.57,23.77,23.65,23.88,23.87,23.39,23.67,23.94,24.08,23.6,23.66,23.62,23.55,23.59,23.61,"NAN","NAN","NAN","NAN","NAN"
"2019-07-21 08:20:00",258,13.18,"NAN","NAN",22.92,24.15,25.1,23.93,24.01,24.05,24.04,24.24,24.19,24.25,24.31,23.76,24.2,24.52,24.35,24,24.32,24.15,23.95,24.12,24.05,"NAN","NAN","NAN","NAN","NAN"
"2019-07-21 08:30:00",259,13.17,"NAN","NAN",23.18,24.77,32.05,24.73,24.99,24.75,26.08,28.79,25.38,25.09,25.41,24.68,26.56,27.13,24.85,24.67,27,25.28,24.61,24.86,25.94,"NAN","NAN","NAN","NAN","NAN"
"2019-07-21 08:40:00",260,13.17,"NAN","NAN",23.68,25.66,37.96,26.18,27.79,27.6,30.55,33.77,27.88,26.23,26.44,26.5,28.66,34.27,26.11,26.84,28.81,27.38,25.57,26.48,29.38,"NAN","NAN","NAN","NAN","NAN"
"2019-07-21 08:50:00",261,13.16,"NAN","NAN",24.76,27.64,"NAN",28.38,29.9,32.14,32.84,34.97,29.31,28.23,31.38,28.05,29.93,35.67,27.92,28.62,30.18,30.11,28.06,28.79,30.27,"NAN","NAN","NAN","NAN","NAN"
"2019-07-21 09:00:00",262,13.15,"NAN","NAN",26.04,28.77,"NAN",28.68,30.65,32.84,32.15,33.19,29.49,29.92,34.53,28.41,29.89,33.1,28.5,28.85,29.75,29.94,29.06,29,29.91,"NAN","NAN","NAN","NAN","NAN"
"2019-07-21 09:10:00",263,13.14,"NAN","NAN",27.09,28.28,"NAN",28.28,30.42,31.03,31.05,30.6,28.96,29.08,33.08,28.1,29.14,30.41,28.17,28.52,29.06,29.08,28.4,28.46,28.99,"NAN","NAN","NAN","NAN","NAN"
